id,language,condition,variant,stoi,si_sdr_db,seconds,duration_drift_ms,peak,compute_seconds,rtf
p232_001,en,real_noise,input,0.8975500936664541,15.471720328537266,1.7413125,0.0,0.51397705078125,0,0.0
p232_001,en,real_noise,ffmpeg,0.8873190038670054,3.971773728887854,1.7413125,8.0,0.70208740234375,0.6820987440000863,0.3917152975127016
p232_001,en,real_noise,deepfilter,0.9031097232730902,24.349804083567296,1.7413125,-30.0,0.345977783203125,7.157282364999901,4.1102802426330145
p232_001,en,real_noise,deepfilter_dsp,0.8923335987709089,4.0310461814368885,1.7413125,-13.3125,0.70782470703125,7.8552927200000795,4.511133251498556
p232_041,en,real_noise,input,0.9037568058338995,15.822781425596858,2.0074375,0.0,0.496368408203125,0,0.0
p232_041,en,real_noise,ffmpeg,0.8945502875907875,4.552777011272693,2.0074375,19.25,0.86962890625,0.6682212989999243,0.33287277885360034
p232_041,en,real_noise,deepfilter,0.9193225260571316,20.068730847377036,2.0074375,-30.0,0.337158203125,6.388853451999921,3.182591463993236
p232_041,en,real_noise,deepfilter_dsp,0.9088882394537146,4.706405364339418,2.0074375,-23.4375,0.88812255859375,7.063358951000055,3.5185947014539956
p232_077,en,real_noise,input,0.8996300687339438,15.128668008884464,1.7421875,0.0,0.49847412109375,0,0.0
p232_077,en,real_noise,ffmpeg,0.8916251710988418,3.6814942193770666,1.7421875,7.125,0.8819580078125,0.6613227240000015,0.3795933124304941
p232_077,en,real_noise,deepfilter,0.8606083197391822,17.96742372137623,1.7421875,-30.0,0.341278076171875,6.185339231000171,3.5503292446996495
p232_077,en,real_noise,deepfilter_dsp,0.852898199084187,3.647258713049251,1.7421875,-14.1875,0.86376953125,6.809734531999993,3.908726547515691
p232_113,en,real_noise,input,0.6851687562287181,-0.26103760911825963,1.367625,0.0,0.55291748046875,0,0.0
p232_113,en,real_noise,ffmpeg,0.6755481523403308,-0.37199462021595936,1.367625,19.0625,0.871185302734375,0.5625413509999362,0.4113271920299323
p232_113,en,real_noise,deepfilter,0.7365911182920888,9.612963673221419,1.367625,-30.0,0.329376220703125,5.772298590999981,4.2206734967553095
p232_113,en,real_noise,deepfilter_dsp,0.732145391885079,4.34473389796017,1.367625,-23.625,0.898223876953125,6.383147622999786,4.6673230037472155
p232_151,en,real_noise,input,0.9662765952400079,1.3238300344926521,2.7268125,0.0,0.546478271484375,0,0.0
p232_151,en,real_noise,ffmpeg,0.957616682128994,5.24755780690911,2.7268125,3.875,0.878692626953125,0.7934891989998505,0.2909951450640081
p232_151,en,real_noise,deepfilter,0.9883289495601175,18.574765320834125,2.7268125,-30.0,0.330291748046875,6.804713990999971,2.4954829094409576
p232_151,en,real_noise,deepfilter_dsp,0.9769740046066012,5.495846747153212,2.7268125,-17.5,0.89617919921875,7.624494912000046,2.796119979646582
p232_190,en,real_noise,input,0.9693250977724573,0.7116718294891415,1.9516875,0.0,0.519378662109375,0,0.0
p232_190,en,real_noise,ffmpeg,0.9617370841480042,1.9987880291764952,1.9516875,11.0,0.872833251953125,0.6715801810000812,0.3441023119736542
p232_190,en,real_noise,deepfilter,0.9790890135480627,15.03107709370523,1.9516875,-30.0,0.324951171875,6.387833950000186,3.272979895603259
p232_190,en,real_noise,deepfilter_dsp,0.9670881276366889,3.9680472211638502,1.9516875,-10.375,0.875091552734375,7.02976810600012,3.601892262977613
p232_229,en,real_noise,input,0.9655309593240486,0.26798308723744313,1.8749375,0.0,0.581634521484375,0,0.0
p232_229,en,real_noise,ffmpeg,0.953993606823608,3.5374479982886142,1.8749375,2.375,0.700408935546875,0.6773986009998225,0.36129129690980233
p232_229,en,real_noise,deepfilter,0.976601121924692,22.640440678363554,1.8749375,-30.0,0.348297119140625,6.122654112999953,3.2655243777459
p232_229,en,real_noise,deepfilter_dsp,0.9637253983961115,5.416836205781933,1.8749375,-18.9375,0.699493408203125,6.734113150999974,3.5916467354245003
p232_266,en,real_noise,input,0.9282706206397671,6.230628471309634,2.3356875,0.0,0.49798583984375,0,0.0
p232_266,en,real_noise,ffmpeg,0.9222700973679947,5.037216609978328,2.3356875,11.0,0.88134765625,0.7436500199999045,0.31838592277430283
p232_266,en,real_noise,deepfilter,0.9444237665704739,17.699006351775967,2.3356875,-30.0,0.322357177734375,7.0547350919998735,3.0204105181022176
p232_266,en,real_noise,deepfilter_dsp,0.9356167845458517,5.394927502439631,2.3356875,-10.375,0.881805419921875,7.857722601999967,3.3642011621845676
p232_302,en,real_noise,input,0.7116490673498156,5.29552458081867,1.6976875,0.0,0.495635986328125,0,0.0
p232_302,en,real_noise,ffmpeg,0.6777708797730955,1.4380934635156084,1.6976875,9.0,0.885162353515625,0.6177312069999061,0.3638662633729153
p232_302,en,real_noise,deepfilter,0.7936760733683663,13.00301713775098,1.6976875,-30.0,0.295654296875,6.202269676000014,3.6533635760409466
p232_302,en,real_noise,deepfilter_dsp,0.7945102663069531,3.3205356805161323,1.6976875,-12.375,0.870758056640625,6.86089595999988,4.041318534771493
p232_339,en,real_noise,input,0.9970054497646322,4.6649711365587425,1.96525,0.0,0.505950927734375,0,0.0
p232_339,en,real_noise,ffmpeg,0.9844924879119926,5.026868147375033,1.96525,18.75,0.885955810546875,0.6829937549998704,0.3475353033964485
p232_339,en,real_noise,deepfilter,0.9976399352748986,20.95493186332659,1.96525,-30.0,0.36041259765625,6.728997859000174,3.423990769113433
p232_339,en,real_noise,deepfilter_dsp,0.984250413792283,5.131633157171379,1.96525,-23.9375,0.890350341796875,7.452820646000191,3.7923015626511596
p232_377,en,real_noise,input,0.9754360968140332,6.408499893118408,2.9668125,0.0,0.507781982421875,0,0.0
p232_377,en,real_noise,ffmpeg,0.9705601268160164,4.941934711434209,2.9668125,19.875,0.887542724609375,0.8440473269999984,0.2844963498704412
p232_377,en,real_noise,deepfilter,0.9869898343396833,20.061586277375334,2.9668125,-30.0,0.329193115234375,7.235953067000082,2.438965410520578
p232_377,en,real_noise,deepfilter_dsp,0.9786809019756734,5.076095923470673,2.9668125,-22.8125,0.884063720703125,8.039505644999963,2.7098125159577706
p257_002,en,real_noise,input,0.9882641956564437,11.324527445804422,2.776125,0.0,0.43096923828125,0,0.0
p257_002,en,real_noise,ffmpeg,0.9802781965562521,6.365348271776371,2.776125,18.5625,0.891143798828125,0.8421255660000497,0.3033456944482146
p257_002,en,real_noise,deepfilter,0.9473403030359974,16.261574234439554,2.776125,-30.0,0.306396484375,6.902261830000043,2.4862936034940946
p257_002,en,real_noise,deepfilter_dsp,0.9384982809067799,6.3432352013307725,2.776125,-24.125,0.89105224609375,7.654243572000041,2.7571682009996095
p257_039,en,real_noise,input,0.9820154293104335,16.2950585665832,2.6615625,0.0,0.5009765625,0,0.0
p257_039,en,real_noise,ffmpeg,0.9698375546096676,7.434989839422337,2.6615625,5.125,0.8609619140625,0.7040741050000179,0.26453412422215067
p257_039,en,real_noise,deepfilter,0.9538546994705562,18.737869450654202,2.6615625,-30.0,0.337890625,6.810401194000178,2.5587981473289387
p257_039,en,real_noise,deepfilter_dsp,0.9421254730723536,7.416199670742994,2.6615625,-16.25,0.85980224609375,7.513167031000194,2.8228407302102405
p257_075,en,real_noise,input,0.9915879885270122,15.340602159469741,1.979125,0.0,0.48236083984375,0,0.0
p257_075,en,real_noise,ffmpeg,0.9817155480813209,9.456244787814775,1.979125,4.875,0.6669921875,0.7106199149998247,0.3590576214235203
p257_075,en,real_noise,deepfilter,0.9301162591924585,22.257942824110387,1.979125,-30.0,0.336761474609375,7.3234771050001655,3.7003610711805295
p257_075,en,real_noise,deepfilter_dsp,0.920276257028191,9.53807058944528,1.979125,-16.4375,0.6700439453125,7.991679439000109,4.037986200467433
p257_111,en,real_noise,input,0.9313194275515666,16.69488655631765,2.4321875,0.0,0.51007080078125,0,0.0
p257_111,en,real_noise,ffmpeg,0.9264647751611991,7.73648592573693,2.4321875,-0.1875,0.873260498046875,0.7593472769999607,0.3122075403314756
p257_111,en,real_noise,deepfilter,0.9496153644449136,13.01609389542322,2.4321875,-30.0,0.2945556640625,8.070325310000044,3.3181345229346193
p257_111,en,real_noise,deepfilter_dsp,0.9420389603469735,7.430408468430221,2.4321875,-21.5,0.878509521484375,8.978810090000025,3.6916603222407915
p257_148,en,real_noise,input,0.9722234630927887,16.453364547082025,1.850875,0.0,0.494171142578125,0,0.0
p257_148,en,real_noise,ffmpeg,0.9631055095785342,6.786688008376722,1.850875,5.125,0.893768310546875,0.7787580730000627,0.4207513057338084
p257_148,en,real_noise,deepfilter,0.8974161580404216,14.944072800769572,1.850875,-30.0,0.326171875,7.106759162999879,3.8396753767811864
p257_148,en,real_noise,deepfilter_dsp,0.8866638907290794,6.797538293357709,1.850875,-16.1875,0.888275146484375,7.950977915999829,4.295794106030839
p257_184,en,real_noise,input,0.9965920500284111,16.385192273234132,3.147625,0.0,0.4942626953125,0,0.0
p257_184,en,real_noise,ffmpeg,0.9843000683510704,7.413215293163527,3.147625,9.6875,0.8917236328125,1.1542607470000803,0.36670846971925825
p257_184,en,real_noise,deepfilter,0.9693262044426469,19.400320965144957,3.147625,-30.0,0.3359375,8.725718931000074,2.772159622254898
p257_184,en,real_noise,deepfilter_dsp,0.9567169064174833,7.412673350773018,3.147625,-11.625,0.88958740234375,9.921248546000015,3.1519792052738222
p257_219,en,real_noise,input,0.9493431271883103,2.1128037258309282,3.0325,0.0,0.509918212890625,0,0.0
p257_219,en,real_noise,ffmpeg,0.9350490937714749,6.301631738299188,3.0325,18.1875,0.890899658203125,1.0785473089999869,0.35566275647155376
p257_219,en,real_noise,deepfilter,0.9230904209228407,13.938705005188046,3.0325,-30.0,0.322113037109375,8.531127825999874,2.8132325889529675
p257_219,en,real_noise,deepfilter_dsp,0.9077945393294263,5.96194769736992,3.0325,-24.5,0.892181396484375,9.712301944999808,3.2027376570485764
p257_255,en,real_noise,input,0.8217453265660103,1.0438765757650361,2.4315625,0.0,0.468231201171875,0,0.0
p257_255,en,real_noise,ffmpeg,0.8171616137558678,4.408645474660814,2.4315625,0.4375,0.883758544921875,0.7620868440001232,0.31341445839871407
p257_255,en,real_noise,deepfilter,0.8920327403915871,15.759687809754148,2.4315625,-30.0,0.32421875,8.010817379000173,3.2945142800154934
p257_255,en,real_noise,deepfilter_dsp,0.8851968196368214,8.673583585870702,2.4315625,-20.875,0.874114990234375,8.87714792099996,3.6507998132887636
p257_291,en,real_noise,input,0.6027255957670183,-1.4861524130070605,1.7,0.0,0.52880859375,0,0.0
p257_291,en,real_noise,ffmpeg,0.5894823574912554,4.5712208426342285,1.7,6.6875,0.8367919921875,0.6750840580000386,0.3971082694117874
p257_291,en,real_noise,deepfilter,0.775440593185032,15.900841347153712,1.7,-30.0,0.279022216796875,7.363372517000016,4.331395598235304
p257_291,en,real_noise,deepfilter_dsp,0.7617129100151372,8.62274452004839,1.7,-14.6875,0.662872314453125,8.016521437000165,4.715600845294214
p257_327,en,real_noise,input,0.902130872972,0.2836761081238732,1.592125,0.0,0.47802734375,0,0.0
p257_327,en,real_noise,ffmpeg,0.8898870670412112,8.922759029486734,1.592125,7.875,0.890167236328125,0.6424519719998898,0.4035185503650089
p257_327,en,real_noise,deepfilter,0.8999588757681609,16.50030945696448,1.592125,-30.0,0.31622314453125,6.869411100999969,4.314617948339464
p257_327,en,real_noise,deepfilter_dsp,0.8868365454039064,8.978952389613749,1.592125,-13.4375,0.891815185546875,7.503106253999931,4.7126364161105005
p257_362,en,real_noise,input,0.9106931351680164,5.092358254408024,1.8845,0.0,0.513916015625,0,0.0
p257_362,en,real_noise,ffmpeg,0.9111098613895163,7.670974203109307,1.8845,14.1875,0.815673828125,0.6363509709999562,0.33767629132393534
p257_362,en,real_noise,deepfilter,0.9215999911166358,17.570272675941318,1.8845,-30.0,0.301544189453125,6.338601423,3.36354546192624
p257_362,en,real_noise,deepfilter_dsp,0.9123086557725512,8.658478378076163,1.8845,-28.5,0.78948974609375,6.999093309000045,3.7140320026532474
p257_398,en,real_noise,input,0.8738614662005016,5.43364101845338,1.5800625,0.0,0.497833251953125,0,0.0
p257_398,en,real_noise,ffmpeg,0.8680948812713722,8.930108486960002,1.5800625,19.9375,0.718505859375,0.6317270830002144,0.39981145239521504
p257_398,en,real_noise,deepfilter,0.910538924310369,19.10892960842071,1.5800625,-30.0,0.334747314453125,6.178019132000145,3.9099840240497734
p257_398,en,real_noise,deepfilter_dsp,0.9011797892808594,9.214120152507368,1.5800625,-22.75,0.7269287109375,6.768631696000057,4.283774658280959
p257_434,en,real_noise,input,0.8843941515809732,0.2771744711601748,2.083875,0.0,0.48590087890625,0,0.0
p257_434,en,real_noise,ffmpeg,0.8819501510416383,8.055639325023144,2.083875,6.8125,0.819091796875,0.6787586620000639,0.3257194706976493
p257_434,en,real_noise,deepfilter,0.8900875240176498,18.938035853099965,2.083875,-30.0,0.323272705078125,6.449877061000052,3.095136253854023
p257_434,en,real_noise,deepfilter_dsp,0.8827541997588916,8.17214658541139,2.083875,-14.5625,0.8104248046875,7.103605326000206,3.408844256973286
ru1_clean,ru,clean,input,0.9999999999999988,136.04693149143105,16.92,0.0,0.1170654296875,0,0.0
ru1_clean,ru,clean,ffmpeg,0.973645020764981,6.777630468804948,16.92,18.6875,0.890716552734375,2.5648940519999996,0.15158948297872338
ru1_clean,ru,clean,deepfilter,0.9518415236760206,15.11519903879757,16.92,-30.0,0.0802001953125,14.85726398199995,0.878088887825056
ru1_clean,ru,clean,deepfilter_dsp,0.9243781585928625,6.3134287183732605,16.92,-24.0,0.89154052734375,17.790386505999777,1.0514412828605069
ru1_noise5,ru,noise5,input,0.9760110871203446,5.0077010177467605,16.92,0.0,0.122711181640625,0,0.0
ru1_noise5,ru,noise5,ffmpeg,0.952454539653611,6.761190865089562,16.92,18.6875,0.89044189453125,2.5894822310001473,0.15304268504729002
ru1_noise5,ru,noise5,deepfilter,0.9017799198198702,9.821921416108045,16.92,-30.0,0.078033447265625,18.94720634500004,1.119811249704494
ru1_noise5,ru,noise5,deepfilter_dsp,0.8741783983922766,5.167798982015158,16.92,-24.0,0.089263916015625,21.668123442000024,1.2806219528368807
ru1_noise15,ru,noise15,input,0.9971371956268057,15.003090920252266,16.92,0.0,0.11883544921875,0,0.0
ru1_noise15,ru,noise15,ffmpeg,0.9709648986044316,6.77443524830048,16.92,18.6875,0.891143798828125,2.489431106999973,0.1471294980496438
ru1_noise15,ru,noise15,deepfilter,0.9125329588333686,9.595167373241658,16.92,-30.0,0.079681396484375,19.581440739000072,1.1572955519503587
ru1_noise15,ru,noise15,deepfilter_dsp,0.8797658920213782,5.112365046768801,16.92,-24.0,0.089813232421875,23.394156570000177,1.382633367021287
ru1_echo,ru,echo,input,0.8674808578053834,4.513610797368815,16.92,0.0,0.11968994140625,0,0.0
ru1_echo,ru,echo,ffmpeg,0.8553987327026354,2.456190717984346,16.92,18.6875,0.866180419921875,2.8402046639998844,0.167860795744674
ru1_echo,ru,echo,deepfilter,0.8188991769485388,5.657012986163018,16.92,-30.0,0.073638916015625,18.413508710000087,1.0882688362884212
ru1_echo,ru,echo,deepfilter_dsp,0.7921369099640676,2.784125476851997,16.92,-24.0,0.08648681640625,21.72129221499995,1.2837643153073255
ru2_clean,ru,clean,input,0.999999999999999,136.56773311023883,11.52,0.0,0.137054443359375,0,0.0
ru2_clean,ru,clean,ffmpeg,0.9743162135000711,7.584814787583104,11.52,0.0,0.870849609375,2.1910618270001123,0.1901963391493153
ru2_clean,ru,clean,deepfilter,0.9726321170765873,20.034337015565967,11.52,-30.0,0.092193603515625,12.58117072899995,1.0921155146701347
ru2_clean,ru,clean,deepfilter_dsp,0.947141120846671,7.4509844326852175,11.52,-21.3125,0.87078857421875,14.819066790000079,1.2863773255208402
ru2_noise5,ru,noise5,input,0.7649477788450928,5.010652281595229,11.52,0.0,0.1356201171875,0,0.0
ru2_noise5,ru,noise5,ffmpeg,0.7792037829589208,5.542146142614106,11.52,0.0,0.889984130859375,2.040928010000016,0.17716388975694583
ru2_noise5,ru,noise5,deepfilter,0.8285197336496434,13.487744631663485,11.52,-30.0,0.0919189453125,17.03380554299997,1.4786289533854142
ru2_noise5,ru,noise5,deepfilter_dsp,0.8022391174916053,6.612051227705157,11.52,-21.3125,0.8916015625,19.345621515999937,1.6793074232638836
ru2_noise15,ru,noise15,input,0.9297853937040257,15.003700476893304,11.52,0.0,0.1365966796875,0,0.0
ru2_noise15,ru,noise15,ffmpeg,0.9212955505649044,7.255269826250325,11.52,0.0,0.891021728515625,2.2238368089999767,0.19304138967013687
ru2_noise15,ru,noise15,deepfilter,0.78797143598587,5.331136178669449,11.52,-30.0,0.08172607421875,15.31161080999982,1.3291328828124844
ru2_noise15,ru,noise15,deepfilter_dsp,0.7466016769175792,2.7596069687725238,11.52,-21.3125,0.102203369140625,17.43624101399996,1.51356258802083
ru2_echo,ru,echo,input,0.8626267826695629,4.723989524632967,11.52,0.0,0.15130615234375,0,0.0
ru2_echo,ru,echo,ffmpeg,0.8511946093431665,2.6950914099352614,11.52,0.0,0.890777587890625,2.0241936499999156,0.17571125434027046
ru2_echo,ru,echo,deepfilter,0.8389440928530395,3.2272787282548836,11.52,-30.0,0.065216064453125,12.051784839999982,1.0461618784722206
ru2_echo,ru,echo,deepfilter_dsp,0.8222290901130772,1.9140321133170657,11.52,-21.3125,0.890289306640625,14.00713870100003,1.2158974566840306
ru3_clean,ru,clean,input,0.9999999999999987,132.0026298157889,8.64,0.0,0.132232666015625,0,0.0
ru3_clean,ru,clean,ffmpeg,0.9771222583176511,6.84752988760329,8.64,0.0,0.891265869140625,1.73467054799994,0.20077205416665972
ru3_clean,ru,clean,deepfilter,0.9683884192662057,16.85204077233002,8.64,-30.0,0.090362548828125,9.25973762500007,1.0717288917824155
ru3_clean,ru,clean,deepfilter_dsp,0.9453589430002497,6.678254726594693,8.64,-21.3125,0.89111328125,10.925330826999925,1.264505882754621
ru3_noise5,ru,noise5,input,0.980772523780293,5.024309222164257,8.64,0.0,0.133026123046875,0,0.0
ru3_noise5,ru,noise5,ffmpeg,0.9640873877437856,6.160507745799113,8.64,0.0,0.89520263671875,1.7036094739999044,0.19717702245369262
ru3_noise5,ru,noise5,deepfilter,0.9450407976740614,15.971665536027624,8.64,-30.0,0.08990478515625,13.890365329000133,1.6076811723379782
ru3_noise5,ru,noise5,deepfilter_dsp,0.9223354450138455,6.555380134592398,8.64,-21.3125,0.891021728515625,16.00666946199999,1.8526237803240728
ru3_noise15,ru,noise15,input,0.9968942599920366,15.008933473731577,8.64,0.0,0.132476806640625,0,0.0
ru3_noise15,ru,noise15,ffmpeg,0.975916746188402,6.8332531582903675,8.64,0.0,0.890869140625,1.7772638179999376,0.2057018307870298
ru3_noise15,ru,noise15,deepfilter,0.9622009841107071,12.960083817340236,8.64,-30.0,0.0906982421875,13.322795917999883,1.5419902682870235
ru3_noise15,ru,noise15,deepfilter_dsp,0.9388171750634015,5.693309572027937,8.64,-21.3125,0.891265869140625,15.574942332999854,1.8026553626157236
ru3_echo,ru,echo,input,0.8716647900878476,4.838586707495988,8.64,0.0,0.12896728515625,0,0.0
ru3_echo,ru,echo,ffmpeg,0.8593073160236127,3.3780854053674068,8.64,0.0,0.891082763671875,1.864406827000039,0.21578782719907857
ru3_echo,ru,echo,deepfilter,0.8755442417433996,6.847304425222535,8.64,-30.0,0.07806396484375,11.430831806999777,1.323012940624974
ru3_echo,ru,echo,deepfilter_dsp,0.8591878995630413,4.328862602561371,8.64,-21.3125,0.891021728515625,13.364824882999983,1.5468547318287016
ru4_clean,ru,clean,input,0.9999999999999977,131.10643493260233,7.92,0.0,0.123626708984375,0,0.0
ru4_clean,ru,clean,ffmpeg,0.9820327785946393,5.265446625013449,7.92,16.0,0.89263916015625,1.606250055000146,0.20280935037880632
ru4_clean,ru,clean,deepfilter,0.9525292300100227,19.115892382362752,7.92,-30.0,0.079742431640625,10.637052801000209,1.3430622223485114
ru4_clean,ru,clean,deepfilter_dsp,0.9333437086712848,4.753112490359813,7.92,-26.6875,0.8929443359375,12.474115290000555,1.5750145568182519
ru4_noise5,ru,noise5,input,0.9876355859474667,5.015751514480753,7.92,0.0,0.11981201171875,0,0.0
ru4_noise5,ru,noise5,ffmpeg,0.969576645269444,5.21687280884371,7.92,16.0,0.891998291015625,1.6459020620000047,0.20781591691919252
ru4_noise5,ru,noise5,deepfilter,0.938333064263749,15.363223578757285,7.92,-30.0,0.08154296875,11.69420781000008,1.4765413901515252
ru4_noise5,ru,noise5,deepfilter_dsp,0.9206285961683977,4.536760220510734,7.92,-26.6875,0.89190673828125,13.391352781000023,1.6908273713383868
ru4_noise15,ru,noise15,input,0.9980405137002407,15.005021887721181,7.92,0.0,0.121856689453125,0,0.0
ru4_noise15,ru,noise15,ffmpeg,0.9800262743567021,5.246965243691816,7.92,16.0,0.89215087890625,1.6069183849999717,0.20289373547979442
ru4_noise15,ru,noise15,deepfilter,0.9392444632932524,15.528061121297199,7.92,-30.0,0.079803466796875,11.606897197000308,1.4655173228535743
ru4_noise15,ru,noise15,deepfilter_dsp,0.9219227120788366,4.4915442537385735,7.92,-26.6875,0.891876220703125,13.292850162999912,1.6783901720959484
ru4_echo,ru,echo,input,0.8488415243881389,5.061347042929432,7.92,0.0,0.12225341796875,0,0.0
ru4_echo,ru,echo,ffmpeg,0.8476727167215372,2.7741351203040523,7.92,16.0,0.891845703125,1.689308340000025,0.21329650757576074
ru4_echo,ru,echo,deepfilter,0.850995340430357,6.823245699490117,7.92,-30.0,0.070892333984375,12.040328003000013,1.520243434722224
ru4_echo,ru,echo,deepfilter_dsp,0.8406279659562813,2.774739408436933,7.92,-26.6875,0.89166259765625,14.174792330999935,1.7897465064393858
ru5_clean,ru,clean,input,0.9999999999999987,135.28730843260175,19.44,0.0,0.104888916015625,0,0.0
ru5_clean,ru,clean,ffmpeg,0.9746162422346101,6.422180826462301,19.44,16.0,0.8914794921875,3.5746085830000993,0.18387904233539604
ru5_clean,ru,clean,deepfilter,0.9569466297219376,12.679692512989467,19.44,-30.0,0.0638427734375,23.182413127000018,1.1925109633230462
ru5_clean,ru,clean,deepfilter_dsp,0.9318860761171956,5.25257192158298,19.44,-26.6875,0.891387939453125,27.18003429700002,1.3981499123971204
ru5_noise5,ru,noise5,input,0.9556391258574873,5.016047013601444,19.44,0.0,0.1005859375,0,0.0
ru5_noise5,ru,noise5,ffmpeg,0.9438822846683939,6.321102872952883,19.44,16.0,0.891387939453125,3.8120149209999,0.19609130252057097
ru5_noise5,ru,noise5,deepfilter,0.9208743009697374,6.986105912642825,19.44,-30.0,0.062652587890625,25.212640786000065,1.2969465424897153
ru5_noise5,ru,noise5,deepfilter_dsp,0.8973149164764068,3.112168639640412,19.44,-26.6875,0.891265869140625,29.067295891999947,1.4952312701646062
ru5_noise15,ru,noise15,input,0.9887924986039691,15.004894259307164,19.44,0.0,0.103546142578125,0,0.0
ru5_noise15,ru,noise15,ffmpeg,0.9687926900989942,6.401375993134809,19.44,16.0,0.89117431640625,3.00144469199995,0.15439530308641716
ru5_noise15,ru,noise15,deepfilter,0.9348917270063921,7.083926772117519,19.44,-30.0,0.063720703125,21.45989511400012,1.1039040696502118
ru5_noise15,ru,noise15,deepfilter_dsp,0.9101766737504468,3.075780614795618,19.44,-26.6875,0.891265869140625,24.999304544000097,1.285972455967083
ru5_echo,ru,echo,input,0.8604901037385084,5.175415776457536,19.44,0.0,0.11553955078125,0,0.0
ru5_echo,ru,echo,ffmpeg,0.8494075331915913,3.2008310582078137,19.44,16.0,0.891387939453125,2.934604213000057,0.1509570068415667
ru5_echo,ru,echo,deepfilter,0.8064621004969903,2.5972229758360172,19.44,-30.0,0.075408935546875,19.71500259200002,1.0141462238683137
ru5_echo,ru,echo,deepfilter_dsp,0.7835983156871491,0.4893139552965071,19.44,-26.6875,0.891693115234375,23.163958390999596,1.191561645627551
ru6_clean,ru,clean,input,0.9999999999999956,117.6505024325384,10.44,0.0,0.027374267578125,0,0.0
ru6_clean,ru,clean,ffmpeg,0.9893315777101683,6.879933061256086,10.44,13.3125,0.891082763671875,2.189408779000132,0.20971348457855674
ru6_clean,ru,clean,deepfilter,0.00867105265071034,-24.912578578828224,10.44,-30.0,0.0001220703125,10.653242870999748,1.0204255623562977
ru6_clean,ru,clean,deepfilter_dsp,0.003005132399181348,-32.14422459902447,10.44,-29.3125,3.0517578125e-05,14.558660435999627,1.3945077045976655
ru6_noise5,ru,noise5,input,0.9553725772095094,4.983019070066007,10.44,0.0,0.027862548828125,0,0.0
ru6_noise5,ru,noise5,ffmpeg,0.9438640992023664,5.549910687696249,10.44,13.3125,0.895355224609375,2.159776217000399,0.20687511657091945
ru6_noise5,ru,noise5,deepfilter,0.021430245856345363,-18.214811155561396,10.44,-30.0,0.000396728515625,12.844098330000179,1.2302776178161092
ru6_noise5,ru,noise5,deepfilter_dsp,0.015853833705508198,-19.697712749830686,10.44,-29.3125,0.0001220703125,16.78313272000014,1.6075797624521206
ru6_noise15,ru,noise15,input,0.9937222685562306,14.990129762404244,10.44,0.0,0.02752685546875,0,0.0
ru6_noise15,ru,noise15,ffmpeg,0.9829886198981885,6.729624334183617,10.44,13.3125,0.890960693359375,2.184452670000155,0.20923876149426776
ru6_noise15,ru,noise15,deepfilter,0.011357158888714103,-19.715749143576982,10.44,-30.0,0.00030517578125,12.620905592999861,1.2088990031609064
ru6_noise15,ru,noise15,deepfilter_dsp,0.002324194852347716,-21.641402813179095,10.44,-29.3125,9.1552734375e-05,17.70224069400001,1.695616924712645
ru6_echo,ru,echo,input,0.8750753241615982,5.035751556028423,10.44,0.0,0.028167724609375,0,0.0
ru6_echo,ru,echo,ffmpeg,0.8653144411177828,2.431220149418153,10.44,13.3125,0.8914794921875,2.4811082659998647,0.23765404846742
ru6_echo,ru,echo,deepfilter,0.02043732213668824,-17.62388045928813,10.44,-30.0,0.00042724609375,14.471147372999894,1.3861252272988405
ru6_echo,ru,echo,deepfilter_dsp,0.0027287845603933976,-18.396717040336526,10.44,-29.3125,0.0001220703125,18.861181420999856,1.8066265728927067
p232_001,en,real_noise,gtcrn,0.8993782422970326,17.47278799182692,1.7413125,-13.3125,0.5132898688316345,0.1964274399997521,0.11280424392505774
p232_001,en,real_noise,gtcrn_dsp,0.8897883467235249,3.892847220667695,1.7413125,-13.3125,0.8912353515625,0.8550203389995659,0.4910206174937387
p232_041,en,real_noise,gtcrn,0.9079578984250851,20.33657269033899,2.0074375,-7.4375,0.4922385811805725,0.1864346080001269,0.09287193648625519
p232_041,en,real_noise,gtcrn_dsp,0.8966063082882837,4.483658541616821,2.0074375,-2.125,0.88525390625,0.9099583120000716,0.4532934709051074
p232_077,en,real_noise,gtcrn,0.8561849454452706,17.428148550473395,1.7421875,-14.1875,0.49368149042129517,0.22539247099985005,0.12937325689677492
p232_077,en,real_noise,gtcrn_dsp,0.846900096867101,3.6940591784226884,1.7421875,-14.1875,0.8841552734375,0.791695312000229,0.4544260086817458
p232_113,en,real_noise,gtcrn,0.7311626586808727,6.120534640701688,1.367625,-7.625,0.29553699493408203,0.151488696999877,0.11076771556521486
p232_113,en,real_noise,gtcrn_dsp,0.7290581652183001,3.2894761728451205,1.367625,-2.3125,0.875640869140625,0.7194236689997524,0.5260386940862827
p232_151,en,real_noise,gtcrn,0.9788186022792488,11.498063128963636,2.7268125,-6.8125,0.4505217671394348,0.3022860630003379,0.11085693020709635
p232_151,en,real_noise,gtcrn_dsp,0.9680220219259823,5.266391191435021,2.7268125,3.875,0.888153076171875,1.017561415000273,0.3731688244058853
p232_190,en,real_noise,gtcrn,0.9725002319422835,11.708364239937323,1.9516875,-15.6875,0.4454898238182068,0.21672341100020276,0.1110441149006707
p232_190,en,real_noise,gtcrn_dsp,0.962594273193053,3.8208048936656342,1.9516875,-10.375,0.87457275390625,0.8535339529998964,0.43733125974311793
p232_229,en,real_noise,gtcrn,0.9676687045410453,8.82967415454358,1.8749375,-2.9375,0.5222676396369934,0.1716111189998628,0.09152898109929682
p232_229,en,real_noise,gtcrn_dsp,0.9515746207028357,5.2413726002946905,1.8749375,2.375,0.8900146484375,0.6769457840000541,0.3610497864595775
p232_266,en,real_noise,gtcrn,0.919714787487262,16.70141537084023,2.3356875,-15.6875,0.4768308401107788,0.2664765080003235,0.11408910995170522
p232_266,en,real_noise,gtcrn_dsp,0.9094167227785648,5.28138926299092,2.3356875,-10.375,0.88409423828125,0.8098209920003683,0.3467163274198146
p232_302,en,real_noise,gtcrn,0.7096576856461353,9.500504110112425,1.6976875,-1.6875,0.3555971086025238,0.1635755759998574,0.09635199410955042
p232_302,en,real_noise,gtcrn_dsp,0.6957058126851472,2.704671060520262,1.6976875,9.0,0.89007568359375,0.6781706970000414,0.39946733247434607
p232_339,en,real_noise,gtcrn,0.9945071395954441,14.111308205054861,1.96525,-13.25,0.5239715576171875,0.19642849900037618,0.09995089632381436
p232_339,en,real_noise,gtcrn_dsp,0.9814015416564894,5.206153065708746,1.96525,-2.5625,0.88427734375,0.7633467850005218,0.3884222287243464
p232_377,en,real_noise,gtcrn,0.9831749114935492,18.233792535796503,2.9668125,-6.8125,0.5061486959457397,0.27472771700013254,0.09260029644614634
p232_377,en,real_noise,gtcrn_dsp,0.9748393974598679,4.911839910087232,2.9668125,-1.5,0.88726806640625,1.021922289000031,0.34445125500854235
p257_002,en,real_noise,gtcrn,0.9414930892285313,15.998371700465896,2.776125,-8.125,0.4326120615005493,0.25135491900027773,0.09054164311775505
p257_002,en,real_noise,gtcrn_dsp,0.9327686441403382,6.290080258538452,2.776125,-2.8125,0.8690185546875,1.0182432569999946,0.3667858100769939
p257_039,en,real_noise,gtcrn,0.9629764996043445,20.009447334484026,2.6615625,-5.5625,0.4877457320690155,0.23346318099993368,0.08771658790651495
p257_039,en,real_noise,gtcrn_dsp,0.9510591137585663,7.386260734721523,2.6615625,5.125,0.854705810546875,0.887793875999705,0.33356116040848377
p257_075,en,real_noise,gtcrn,0.9589235587774114,19.893843800523825,1.979125,-11.125,0.4829101264476776,0.18921218900004533,0.09560396084130376
p257_075,en,real_noise,gtcrn_dsp,0.9489354110113439,9.24673064678102,1.979125,4.875,0.890228271484375,0.6998092650001126,0.3535952832691784
p257_111,en,real_noise,gtcrn,0.9418881059990077,16.69431473937054,2.4321875,-0.1875,0.49742889404296875,0.26167893999991065,0.10758995348833536
p257_111,en,real_noise,gtcrn_dsp,0.9347635673535253,7.472767544808723,2.4321875,-0.1875,0.876007080078125,0.9066778450001038,0.37278287344216016
p257_148,en,real_noise,gtcrn,0.8685611753990261,14.683256831410647,1.850875,-10.875,0.4821656346321106,0.18845170099984898,0.10181762733833942
p257_148,en,real_noise,gtcrn_dsp,0.8581806352910655,6.343201190400423,1.850875,5.125,0.8875732421875,0.7569112440000936,0.4089477917201829
p257_184,en,real_noise,gtcrn,0.984409733025174,18.68987415653446,3.147625,-11.625,0.4828643202781677,0.27945022899984906,0.08878129669190232
p257_184,en,real_noise,gtcrn_dsp,0.9671763808394457,5.321963680892114,3.147625,-11.625,0.8922119140625,1.1406201059999148,0.3623748400778094
p257_219,en,real_noise,gtcrn,0.9539910792513037,12.253571564806276,3.0325,-8.5,0.5102415084838867,0.2653847430001406,0.08751351788957644
p257_219,en,real_noise,gtcrn_dsp,0.9306235183445074,5.242167715375227,3.0325,-3.1875,0.892608642578125,1.0852672240002903,0.3578787218467569
p257_255,en,real_noise,gtcrn,0.8595085764247898,13.15443940033713,2.4315625,-15.5625,0.4582558274269104,0.21790072200019495,0.08961345719067264
p257_255,en,real_noise,gtcrn_dsp,0.8553267570399457,8.098158253617502,2.4315625,0.4375,0.886016845703125,0.8890916690002086,0.36564623323488854
p257_291,en,real_noise,gtcrn,0.6086435176537804,10.009918986107323,1.7,-4.0,0.4193651080131531,0.18816744800005836,0.11068673411768139
p257_291,en,real_noise,gtcrn_dsp,0.6077006116247176,7.435926413289176,1.7,6.6875,0.884124755859375,0.794098433000272,0.46711672529427767
p257_327,en,real_noise,gtcrn,0.8286661526684186,12.31237196317856,1.592125,-8.125,0.4579605758190155,0.19477670700007366,0.12233757211278867
p257_327,en,real_noise,gtcrn_dsp,0.815547575554217,8.963511312544345,1.592125,7.875,0.8905029296875,0.7726517840001179,0.48529593091002143
p257_362,en,real_noise,gtcrn,0.8834869586220692,16.98275021833977,1.8845,-12.5,0.4586408734321594,0.22176921800019045,0.11768066755117561
p257_362,en,real_noise,gtcrn_dsp,0.8759797824146567,8.277354080322691,1.8845,-7.1875,0.8843994140625,0.8407079339999655,0.44611723746349985
p257_398,en,real_noise,gtcrn,0.8293456009824506,14.877446856719764,1.5800625,-12.0625,0.48904138803482056,0.1957937279998987,0.12391517930455201
p257_398,en,real_noise,gtcrn_dsp,0.8229637942565268,8.74083696027349,1.5800625,-1.375,0.89031982421875,0.7732318150001447,0.48936786677751337
p257_434,en,real_noise,gtcrn,0.8704686117952803,2.14697076849915,2.083875,-3.875,0.44655823707580566,0.2378568539998014,0.11414161310049854
p257_434,en,real_noise,gtcrn_dsp,0.8629488149929465,7.7269464575044395,2.083875,6.8125,0.884002685546875,0.9266400579999754,0.4446716132205509
ru1_clean,ru,clean,gtcrn,0.9835586698091161,24.27733948542707,16.92,-8.0,0.11638543754816055,1.703653556000063,0.10068874444444816
ru1_clean,ru,clean,gtcrn_dsp,0.9561246345326653,6.837619483210001,16.92,-2.6875,0.891448974609375,3.674576304000311,0.2171735404255503
ru1_noise5,ru,noise5,gtcrn,0.9714944902100159,6.264632194007214,16.92,-8.0,0.12153585255146027,1.3083869430001869,0.07732783351064934
ru1_noise5,ru,noise5,gtcrn_dsp,0.9440199544863334,6.801140629931908,16.92,-2.6875,0.8916015625,3.763516068000172,0.2224300276595846
ru1_noise15,ru,noise15,gtcrn,0.9839806384943626,18.144089679839833,16.92,-8.0,0.11744707077741623,1.251360083000236,0.07395745171396194
ru1_noise15,ru,noise15,gtcrn_dsp,0.9560125223989316,6.830651306460035,16.92,-2.6875,0.8916015625,3.3460562120003488,0.19775745933808206
ru1_echo,ru,echo,gtcrn,0.8777200298783701,6.263143644133403,16.92,-8.0,0.10414332151412964,1.3077374230001624,0.0772894458037921
ru1_echo,ru,echo,gtcrn_dsp,0.8579338538368795,3.1437051545723165,16.92,-2.6875,0.8917236328125,3.243578219000028,0.1917008403664319
ru2_clean,ru,clean,gtcrn,0.9889237732322019,27.254476157906883,11.52,0.0,0.1356835812330246,0.9295471700002054,0.08068985850696228
ru2_clean,ru,clean,gtcrn_dsp,0.9649855497290596,7.4613244349856505,11.52,0.0,0.891265869140625,2.4266804910002975,0.21064934817710917
ru2_noise5,ru,noise5,gtcrn,0.7989925081843068,12.372387466490222,11.52,0.0,0.1184564083814621,0.8777889520001736,0.07619695763890397
ru2_noise5,ru,noise5,gtcrn_dsp,0.7811896706084536,6.045716800964369,11.52,0.0,0.8914794921875,2.489951311999903,0.21614160694443602
ru2_noise15,ru,noise15,gtcrn,0.942824334770283,20.293090435661618,11.52,0.0,0.1345970183610916,0.8712274110002909,0.0756273794271086
ru2_noise15,ru,noise15,gtcrn_dsp,0.9217332675281055,7.3360009751360336,11.52,0.0,0.891326904296875,2.3954961310000726,0.2079423724826452
ru2_echo,ru,echo,gtcrn,0.880750659466417,6.397655782586645,11.52,0.0,0.14175613224506378,0.9217989930002659,0.08001727369793975
ru2_echo,ru,echo,gtcrn_dsp,0.8639864362478022,3.4326766392431765,11.52,0.0,0.891571044921875,2.4671089600001324,0.2141587638889004
ru3_clean,ru,clean,gtcrn,0.9801088673113694,21.742515497044895,8.64,0.0,0.1314348727464676,0.6680000119999931,0.07731481620370291
ru3_clean,ru,clean,gtcrn_dsp,0.9554744605072373,6.337525567729183,8.64,0.0,0.891571044921875,1.8515012470002148,0.21429412581021004
ru3_noise5,ru,noise5,gtcrn,0.9715293395172812,10.613803607298447,8.64,0.0,0.13184069097042084,0.6694817239999793,0.07748631064814575
ru3_noise5,ru,noise5,gtcrn_dsp,0.9492940520777535,6.317109361948068,8.64,0.0,0.891754150390625,1.8702068130000953,0.216459121875011
ru3_noise15,ru,noise15,gtcrn,0.979316674806784,16.81729462775214,8.64,0.0,0.1315721869468689,0.6538427660002526,0.07567624606484405
ru3_noise15,ru,noise15,gtcrn_dsp,0.9558328134687537,6.337379322998821,8.64,0.0,0.89215087890625,1.859490296000331,0.21521878425929755
ru3_echo,ru,echo,gtcrn,0.8837106055800905,5.963539266378185,8.64,0.0,0.12517064809799194,0.6685437979999733,0.07737775439814505
ru3_echo,ru,echo,gtcrn_dsp,0.8663787440526203,3.516010665893302,8.64,0.0,0.890960693359375,1.891756303999955,0.2189532759259207
ru4_clean,ru,clean,gtcrn,0.9574772644635026,18.47209030226319,7.92,0.0,0.10892937332391739,0.6143387010001788,0.07756801780305289
ru4_clean,ru,clean,gtcrn_dsp,0.9318042342618501,4.634411475375007,7.92,16.0,0.892333984375,1.8877870840001378,0.23835695505052246
ru4_noise5,ru,noise5,gtcrn,0.9590194549475505,10.592671625794534,7.92,0.0,0.10916341096162796,0.5997075650002444,0.0757206521464955
ru4_noise5,ru,noise5,gtcrn_dsp,0.9339211820751026,4.610835145487193,7.92,16.0,0.892791748046875,1.7134394920003615,0.21634337020206584
ru4_noise15,ru,noise15,gtcrn,0.9659616894841562,15.73764694893957,7.92,0.0,0.10795233398675919,0.6330494960002397,0.07993049191922219
ru4_noise15,ru,noise15,gtcrn_dsp,0.9403655240948929,4.6240947998741815,7.92,16.0,0.892364501953125,1.8742212020006264,0.23664409116169524
ru4_echo,ru,echo,gtcrn,0.828833536069186,5.901402487959118,7.92,0.0,0.09489092230796814,0.6182747600000766,0.07806499494950463
ru4_echo,ru,echo,gtcrn_dsp,0.8137412577724527,2.268404296094474,7.92,16.0,0.893463134765625,1.7786609049999242,0.22457839709595004
ru5_clean,ru,clean,gtcrn,0.9700843502119549,15.987807980548643,19.44,0.0,0.10190635919570923,1.4722776320004414,0.07573444609055768
ru5_clean,ru,clean,gtcrn_dsp,0.944363203879894,6.0219726050785685,19.44,16.0,0.891632080078125,3.592761979000443,0.1848128590020804
ru5_noise5,ru,noise5,gtcrn,0.9501562891211008,11.614893811652163,19.44,0.0,0.0976857915520668,1.4134940640001332,0.07271060000000684
ru5_noise5,ru,noise5,gtcrn_dsp,0.9292793542841367,5.902524808525217,19.44,16.0,0.891387939453125,3.5592594479999207,0.18308947777777368
ru5_noise15,ru,noise15,gtcrn,0.9675565083334802,16.041593356083176,19.44,0.0,0.10104700922966003,1.4064767489999213,0.07234962700616879
ru5_noise15,ru,noise15,gtcrn_dsp,0.9435814916299299,6.134608181660626,19.44,16.0,0.892120361328125,3.662390700999822,0.1883945833847645
ru5_echo,ru,echo,gtcrn,0.8579445223831867,6.09714024107002,19.44,0.0,0.10164935141801834,1.4655963669997618,0.07539075961932931
ru5_echo,ru,echo,gtcrn_dsp,0.8378012833622752,3.3449182013829555,19.44,16.0,0.892120361328125,3.5883093049997115,0.18458381198558185
ru6_clean,ru,clean,gtcrn,0.9767186530430736,17.733300055955713,10.44,-8.0,0.026134975254535675,0.7759448289998545,0.07432421733715082
ru6_clean,ru,clean,gtcrn_dsp,0.9597424929416625,5.9001873714321205,10.44,-8.0,0.890716552734375,2.017557088999638,0.1932525947317661
ru6_noise5,ru,noise5,gtcrn,0.9475371473746451,10.615975975410123,10.44,-8.0,0.026988115161657333,0.7630366079997657,0.07308779770112699
ru6_noise5,ru,noise5,gtcrn_dsp,0.9325689032502331,5.535954423480821,10.44,-8.0,0.890533447265625,2.042384591999962,0.1956307080459734
ru6_noise15,ru,noise15,gtcrn,0.9740646196166094,15.232483627844822,10.44,-8.0,0.026490045711398125,0.7678630569998859,0.0735501012451998
ru6_noise15,ru,noise15,gtcrn_dsp,0.9576451472808376,5.892190090812561,10.44,-8.0,0.894561767578125,2.0316308559999925,0.19460065670498014
ru6_echo,ru,echo,gtcrn,0.8795655897832073,6.343030363507084,10.44,-8.0,0.025334563106298447,0.8258110530000522,0.07910067557471764
ru6_echo,ru,echo,gtcrn_dsp,0.8655329213233989,2.9617800662888563,10.44,-8.0,0.89031982421875,2.0863364470001216,0.19984065584292354
