id,language,condition,provider,stoi_double_denoise,stoi_single_denoise
p232_001,en,real_noise,deepfilter,0.8923335987709089,0.8989559059057802
p232_001,en,real_noise,gtcrn,0.8897883467235249,0.8945604524201957
p232_041,en,real_noise,deepfilter,0.9088882394537146,0.9160349015875906
p232_041,en,real_noise,gtcrn,0.8966063082882837,0.9040424850948878
p232_077,en,real_noise,deepfilter,0.852898199084187,0.8617910262286974
p232_077,en,real_noise,gtcrn,0.846900096867101,0.8511905801819991
p232_113,en,real_noise,deepfilter,0.732145391885079,0.7368627304554326
p232_113,en,real_noise,gtcrn,0.7290581652183001,0.7309862270163568
p232_151,en,real_noise,deepfilter,0.9769740046066012,0.9868219424248943
p232_151,en,real_noise,gtcrn,0.9680220219259823,0.9762827632369013
p232_190,en,real_noise,deepfilter,0.9670881276366889,0.9762729661389944
p232_190,en,real_noise,gtcrn,0.962594273193053,0.9675135959891343
p232_229,en,real_noise,deepfilter,0.9637253983961115,0.9736795851173601
p232_229,en,real_noise,gtcrn,0.9515746207028357,0.959502951229758
p232_266,en,real_noise,deepfilter,0.9356167845458517,0.9434481303600493
p232_266,en,real_noise,gtcrn,0.9094167227785648,0.9131958360420569
p232_302,en,real_noise,deepfilter,0.7945102663069531,0.7844456965295161
p232_302,en,real_noise,gtcrn,0.6957058126851472,0.7079996626115888
p232_339,en,real_noise,deepfilter,0.984250413792283,0.9967373916615405
p232_339,en,real_noise,gtcrn,0.9814015416564894,0.9932907015010312
p232_377,en,real_noise,deepfilter,0.9786809019756734,0.9854268596448671
p232_377,en,real_noise,gtcrn,0.9748393974598679,0.97986868278414
p257_002,en,real_noise,deepfilter,0.9384982809067799,0.9442059596868863
p257_002,en,real_noise,gtcrn,0.9327686441403382,0.9403015987424862
p257_039,en,real_noise,deepfilter,0.9421254730723536,0.9534071403778083
p257_039,en,real_noise,gtcrn,0.9510591137585663,0.9609247802980421
p257_075,en,real_noise,deepfilter,0.920276257028191,0.9282490147805474
p257_075,en,real_noise,gtcrn,0.9489354110113439,0.9555808640866915
p257_111,en,real_noise,deepfilter,0.9420389603469735,0.9449042714886761
p257_111,en,real_noise,gtcrn,0.9347635673535253,0.9385401515174314
p257_148,en,real_noise,deepfilter,0.8866638907290794,0.8941367000934266
p257_148,en,real_noise,gtcrn,0.8581806352910655,0.8668533698138721
p257_184,en,real_noise,deepfilter,0.9567169064174833,0.9659543317383681
p257_184,en,real_noise,gtcrn,0.9671763808394457,0.9756248612417839
p257_219,en,real_noise,deepfilter,0.9077945393294263,0.9231410479161141
p257_219,en,real_noise,gtcrn,0.9306235183445074,0.9386575886313487
p257_255,en,real_noise,deepfilter,0.8851968196368214,0.8870689126885236
p257_255,en,real_noise,gtcrn,0.8553267570399457,0.8607723735939642
p257_291,en,real_noise,deepfilter,0.7617129100151372,0.7587092446343877
p257_291,en,real_noise,gtcrn,0.6077006116247176,0.6070338832688565
p257_327,en,real_noise,deepfilter,0.8868365454039064,0.9026148949922792
p257_327,en,real_noise,gtcrn,0.815547575554217,0.8219272401754614
p257_362,en,real_noise,deepfilter,0.9123086557725512,0.9182016401182658
p257_362,en,real_noise,gtcrn,0.8759797824146567,0.8801578097061069
p257_398,en,real_noise,deepfilter,0.9011797892808594,0.9178591863830583
p257_398,en,real_noise,gtcrn,0.8229637942565268,0.8281856129162108
p257_434,en,real_noise,deepfilter,0.8827541997588916,0.8823538321036959
p257_434,en,real_noise,gtcrn,0.8629488149929465,0.8678700706723839
ru1_clean,ru,clean,deepfilter,0.9243781585928625,0.95047451846764
ru1_clean,ru,clean,gtcrn,0.9561246345326653,0.9781774058292819
ru1_noise5,ru,noise5,deepfilter,0.8741783983922766,0.8984264182646239
ru1_noise5,ru,noise5,gtcrn,0.9440199544863334,0.9664610325009538
ru1_noise15,ru,noise15,deepfilter,0.8797658920213782,0.9070032769733171
ru1_noise15,ru,noise15,gtcrn,0.9560125223989316,0.9789481182099422
ru1_echo,ru,echo,deepfilter,0.7921369099640676,0.8165122360547162
ru1_echo,ru,echo,gtcrn,0.8579338538368795,0.8732347258478995
ru2_clean,ru,clean,deepfilter,0.947141120846671,0.9727482364426171
ru2_clean,ru,clean,gtcrn,0.9649855497290596,0.9843674706959468
ru2_noise5,ru,noise5,deepfilter,0.8022391174916053,0.8257341511447226
ru2_noise5,ru,noise5,gtcrn,0.7811896706084536,0.7945681815383545
ru2_noise15,ru,noise15,deepfilter,0.7466016769175792,0.7621877768912144
ru2_noise15,ru,noise15,gtcrn,0.9217332675281055,0.9386820362779371
ru2_echo,ru,echo,deepfilter,0.8222290901130772,0.8332449803602244
ru2_echo,ru,echo,gtcrn,0.8639864362478022,0.875656088934916
ru3_clean,ru,clean,deepfilter,0.9453589430002497,0.96748115306882
ru3_clean,ru,clean,gtcrn,0.9554744605072373,0.9742855785173948
ru3_noise5,ru,noise5,deepfilter,0.9223354450138455,0.9426061473168211
ru3_noise5,ru,noise5,gtcrn,0.9492940520777535,0.9663285923776049
ru3_noise15,ru,noise15,deepfilter,0.9388171750634015,0.9601109751710319
ru3_noise15,ru,noise15,gtcrn,0.9558328134687537,0.9735115409012229
ru3_echo,ru,echo,deepfilter,0.8591878995630413,0.8730175123420214
ru3_echo,ru,echo,gtcrn,0.8663787440526203,0.8789306718455229
ru4_clean,ru,clean,deepfilter,0.9333437086712848,0.9483370637765337
ru4_clean,ru,clean,gtcrn,0.9318042342618501,0.9411098074737086
ru4_noise5,ru,noise5,deepfilter,0.9206285961683977,0.9356314377147872
ru4_noise5,ru,noise5,gtcrn,0.9339211820751026,0.9462019659874894
ru4_noise15,ru,noise15,deepfilter,0.9219227120788366,0.9363384362269728
ru4_noise15,ru,noise15,gtcrn,0.9403655240948929,0.9513089388951409
ru4_echo,ru,echo,deepfilter,0.8406279659562813,0.8465588657777817
ru4_echo,ru,echo,gtcrn,0.8137412577724527,0.812231080260545
ru5_clean,ru,clean,deepfilter,0.9318860761171956,0.954268820181131
ru5_clean,ru,clean,gtcrn,0.944363203879894,0.9631625262866429
ru5_noise5,ru,noise5,deepfilter,0.8973149164764068,0.917205462622429
ru5_noise5,ru,noise5,gtcrn,0.9292793542841367,0.9453238243155276
ru5_noise15,ru,noise15,deepfilter,0.9101766737504468,0.9313541942105921
ru5_noise15,ru,noise15,gtcrn,0.9435814916299299,0.9621959421319242
ru5_echo,ru,echo,deepfilter,0.7835983156871491,0.8016804436955368
ru5_echo,ru,echo,gtcrn,0.8378012833622752,0.8510819763784641
ru6_clean,ru,clean,deepfilter,0.003005132399181348,0.002651396670813755
ru6_clean,ru,clean,gtcrn,0.9597424929416625,0.9565636108602731
ru6_noise5,ru,noise5,deepfilter,0.015853833705508198,0.016988723915795517
ru6_noise5,ru,noise5,gtcrn,0.9325689032502331,0.930171748669074
ru6_noise15,ru,noise15,deepfilter,0.002324194852347716,0.001336444605368557
ru6_noise15,ru,noise15,gtcrn,0.9576451472808376,0.9545490981725613
ru6_echo,ru,echo,deepfilter,0.0027287845603933976,0.005444246762213376
ru6_echo,ru,echo,gtcrn,0.8655329213233989,0.861935777078665
